0.158125,5.76,0.7925546,0.3261146,4.565115,12.408,0.05466466,0.3945213,0.6782791,7161.8,0.01897615,0.02326883,0.03509972,0.0282498,0.03924676,0.06691537,0.04006847,0.0582872,0.03116941,0.04640985,0.03489145,0.04222318,0.03998518,0.04849636,0.0474351,0.03452478,0.03508034,0.03989812,0.04773806,0.06104519,0.06577247,0.04209822,0.03661481,0.03650517,0.0797744,292.75,53.00494,0.1141721,-5746.736,16074.51,10301.2,0.2806464,-51.07126,58538.57,10710.85,0.2247322,-5533.306
0.1440875,4.386,1.046803,0.9216978,4.591278,10.815,0.02626995,0.2572761,0.2841095,6886.8,0.01881955,0.02321156,0.04226124,0.03623233,0.05302309,0.06679733,0.03833474,0.04721478,0.04439872,0.03493858,0.04069269,0.03446571,0.03504242,0.04803246,0.05004356,0.03615916,0.03535614,0.0450816,0.04351261,0.05879325,0.05846076,0.04186785,0.03379267,0.03346719,0.0744325,302.9902,59.31407,-0.1111251,-4228.922,15103.7,10247.99,0.3831718,-42.16551,60481.29,11871.77,-0.05033566,-4198.698
0.124425,5.124,1.4783,0.929775,7.574809,10.891,0.3636188,0.6753107,3.960172,5562.8,0.01847483,0.02091487,0.03914475,0.04102706,0.05329662,0.07024537,0.04966622,0.04783856,0.05662897,0.0396895,0.04186535,0.03838122,0.03655821,0.04161586,0.05068227,0.03874244,0.03957113,0.05221503,0.04246854,0.05290849,0.04293817,0.03057433,0.02703584,0.02751638,0.09094458,302.8635,47.84259,-0.4336007,-9844.18,12424.2,9480.859,0.8076775,-28.10069,60304.34,9529.871,-0.3863805,-9861.549
0.134775,6.626,1.267968,0.6618936,8.401556,12.581,0.3527883,0.7352174,4.438429,6099.2,0.01894479,0.02159634,0.03532265,0.02694636,0.06799766,0.04115472,0.06562105,0.03872722,0.04856995,0.04958585,0.04086317,0.05037497,0.0444927,0.0425748,0.03342479,0.03570939,0.04248178,0.0596949,0.04346911,0.06042708,0.04179683,0.03016306,0.0295603,0.03050051,0.07699097,266.1649,38.72017,1.462457,-13625.49,13260.64,9597.435,0.7063088,-33.54688,53390.06,8396.651,1.644477,-10047.6
0.1410875,4.112,1.440152,0.8674817,5.921903,10.005,0.2440973,0.4881956,2.442193,6777.4,0.01814422,0.02585301,0.0331151,0.03663379,0.07524683,0.05175117,0.04173419,0.03880936,0.0346663,0.03926884,0.03660645,0.04137401,0.0408221,0.03815209,0.03848625,0.03784813,0.04756583,0.05604183,0.0516383,0.05870837,0.05239542,0.03845553,0.03355104,0.03313183,0.07117775,308.9285,55.8185,-1.047553,-5794.459,14820.75,9974.162,0.4484218,-43.08346,61661.62,11047.74,-0.946704,-6009.921
0.146175,4.064,2.008438,1.07771,8.162292,11.707,0.2273982,0.7299113,2.66215,7385.8,0.01863396,0.02217175,0.02538243,0.02698513,0.04203908,0.03772286,0.03975482,0.04259333,0.03807167,0.04495605,0.04194393,0.04838378,0.04875198,0.04458665,0.04358548,0.04412151,0.0440712,0.04501902,0.05392354,0.06382671,0.06085265,0.04593039,0.03865933,0.03803275,0.07244951,298.0549,51.27011,0.2094917,-7032.693,16647.37,9924.223,0.3252039,-65.12103,59371.73,10131.64,0.3707888,-7282.628
0.1519,5.909,0.4710771,0.2474221,2.783594,12.514,0.04404715,0.1858819,0.5512061,6890.2,0.02045376,0.02769671,0.02579461,0.02907093,0.0354847,0.03708093,0.04701102,0.04001227,0.0517627,0.0511834,0.0458967,0.04759683,0.0438041,0.04324416,0.04726727,0.04383788,0.04539546,0.04668631,0.0544652,0.05880274,0.05192391,0.04055589,0.03248217,0.03249036,0.03814723,306.0785,46.06582,-0.1032297,-11920.47,15047.38,9587.931,0.5181894,-51.67756,60921.94,9200.831,-0.01074783,-11796.74
0.1586,7.705,0.9275776,0.6785781,7.146985,10.243,0.2782008,0.4492499,2.84961,6627.6,0.02173332,0.02591059,0.02365609,0.02655841,0.03201023,0.03368831,0.04063922,0.04029467,0.05259903,0.05112789,0.04659374,0.04534357,0.04204451,0.04112943,0.04990643,0.04897492,0.05346105,0.0498635,0.05732866,0.06338621,0.05095533,0.03861035,0.03271513,0.03146942,0.0327961,272.2554,50.6485,0.6012122,-5163.891,15119.97,9145.214,0.5392062,-61.53319,54261.19,10182.95,0.6681323,-5007.988
0.1553125,4.533,0.2967971,0.1478782,1.345381,10.784,0.1304065,0.2209907,1.406303,6813.4,0.01940009,0.03196775,0.030221,0.03297826,0.03500615,0.03491091,0.03697314,0.0363294,0.04383825,0.0453957,0.04262246,0.05149877,0.04201642,0.04246652,0.04939581,0.04868506,0.05093478,0.05236916,0.05618647,0.06007819,0.05070325,0.03970409,0.03461175,0.03170662,0.0152852,284.5426,60.95201,0.1969621,-2971.077,15315.25,9310.367,0.5025988,-60.5592,56873.7,12314.06,0.218996,-2859.389
0.1452375,7.34,0.2207096,0.163085,1.620009,10.633,0.141739,0.1917901,1.507111,6750.4,0.01956292,0.03362468,0.03669709,0.03767312,0.04712356,0.04176416,0.05516131,0.04219403,0.04019796,0.03644597,0.04221912,0.03840492,0.04111129,0.04412011,0.04449843,0.04152682,0.05071022,0.05028062,0.05611223,0.05827391,0.04516974,0.03454094,0.03112273,0.03146414,0.05194684,344.2786,48.21856,-1.589154,-15849.61,14430.47,9501.751,0.5637531,-46.06581,68662.81,9341.499,-1.338989,-17836.12
0.1479125,7.312,0.5852198,0.2143702,4.279127,9.999,0.1817118,0.4089975,1.816936,6485.6,0.01887319,0.02411493,0.03221843,0.03256202,0.05530528,0.04426876,0.07122033,0.04865375,0.04436884,0.03815131,0.05109163,0.03687013,0.03931749,0.04276792,0.04176955,0.03559414,0.04411047,0.04911818,0.05340449,0.06033989,0.04321121,0.03144088,0.02930571,0.03192143,0.05359582,292.8905,38.90546,0.302691,-19543.62,13881.76,9694.812,0.6456119,-37.81405,58345.65,7746.24,0.558878,-19651.46
0.146375,3.999,1.417031,1.107216,5.666708,12.139,0.0,0.2583455,0.0,7336.2,0.02082797,0.0256835,0.02679996,0.028014,0.04350361,0.03904725,0.05962649,0.05169549,0.0458269,0.04055688,0.05578548,0.03949015,0.03737609,0.03779602,0.03496837,0.03385092,0.03647146,0.0478058,0.05630771,0.07590435,0.05212102,0.03816073,0.03432791,0.03805195,0.04567666,275.148,64.26254,0.5831267,-2119.782,15940.34,10020.34,0.3651167,-54.23369,55024.58,12999.08,0.5831395,-2034.976
0.13845,4.416,0.3505256,0.230173,1.547921,10.971,0.0436219,0.1198109,0.4785759,7244.8,0.02181941,0.03387047,0.03185774,0.04326908,0.03871109,0.0381708,0.03422623,0.03673561,0.03728482,0.03996179,0.03239765,0.03853714,0.04592303,0.04049842,0.04331134,0.04243025,0.0508696,0.05232879,0.0567444,0.06323342,0.05377882,0.04956147,0.03843433,0.0360443,0.03364304,322.3086,51.72754,-0.6807518,-9248.049,16591.97,9770.648,0.2811078,-67.85158,64246.25,10292.72,-0.5527593,-9342.397
0.149425,4.922,0.3217443,0.2408877,1.583625,13.526,0.0,0.1226892,0.0,7129.0,0.02079552,0.03603718,0.035783,0.05655893,0.04862901,0.05602242,0.03920262,0.04208983,0.03228315,0.03345269,0.03282188,0.04050183,0.03632998,0.04127282,0.03660118,0.03893643,0.04257484,0.04919291,0.05099764,0.0674579,0.05659837,0.03682986,0.03375608,0.03527392,0.03421462,295.7795,49.98118,0.1083616,-7543.844,15446.54,10210.07,0.3377082,-45.86853,59050.41,10130.71,0.1491503,-7130.563
0.1659375,5.353,0.543161,0.232557,2.907541,10.331,0.0422787,0.2145102,0.4367813,7332.4,0.0217437,0.0327754,0.03497024,0.05082229,0.04825742,0.06396341,0.04157545,0.03465088,0.03058699,0.033281,0.03355665,0.04050748,0.03637937,0.0382004,0.03401596,0.04107863,0.04547904,0.0586984,0.0501387,0.06470829,0.0541687,0.03641799,0.03487087,0.03915274,0.04258013,315.4883,69.19521,-0.3626697,-2710.084,15763.94,10312.67,0.3681084,-47.444,63281.12,13785.72,-0.3306392,-2791.767
0.1784,4.017,0.3851944,0.2225973,1.547326,10.463,0.0,0.1190716,0.0,7245.8,0.02081057,0.02667716,0.0352189,0.02866081,0.06559688,0.05558305,0.05613187,0.04008131,0.03468761,0.03936857,0.04378433,0.03631176,0.03611499,0.03940421,0.04319614,0.03836842,0.03806572,0.04294043,0.04361862,0.05041012,0.05550951,0.04790916,0.04044228,0.04110756,0.05816791,325.8351,48.49783,-0.7569059,-12456.56,16365.71,10952.25,0.280401,-44.37369,65106.31,9642.732,-0.5609287,-12742.88
0.1520875,4.277,1.078103,0.6049543,4.611045,10.123,0.006678112,0.3291641,0.06760253,7072.8,0.02059855,0.02233645,0.03881226,0.02733444,0.07610152,0.05735436,0.06385095,0.04039526,0.03136532,0.03268094,0.04374899,0.03558793,0.03451344,0.0391909,0.0452269,0.03535522,0.04002317,0.04721984,0.04198541,0.04611174,0.05342733,0.04651178,0.04074052,0.0395268,0.06202807,281.9122,49.16194,0.3939636,-6661.751,15797.47,11097.27,0.3322155,-37.86311,56176.9,9857.107,0.4631004,-6525.175
0.152425,4.257,0.5681715,0.4290497,2.418706,10.302,0.009719008,0.2717836,0.1001252,6934.0,0.01906105,0.0234259,0.0445227,0.04350027,0.08128979,0.03069653,0.04500956,0.03215646,0.03517564,0.0395183,0.03429966,0.04253943,0.03645052,0.04124652,0.03446727,0.03606715,0.05114618,0.05845379,0.05363013,0.0522,0.05306341,0.03762377,0.03838807,0.03606788,0.05402441,293.1885,64.92294,0.1370495,-2610.35,15111.07,10259.34,0.4283413,-41.93829,58342.23,12968.63,0.1538444,-2580.51
0.155925,4.859,1.168553,0.750268,5.677998,10.742,0.09221501,0.2779508,0.9905736,7172.2,0.01963819,0.02584466,0.03237537,0.04344783,0.06261202,0.056453,0.0562923,0.03917468,0.03111688,0.03732829,0.0409823,0.04340356,0.03898597,0.04291069,0.04412391,0.03429849,0.03776429,0.04477009,0.04298286,0.04993101,0.05698283,0.04347689,0.03827584,0.03682806,0.04871233,298.5811,49.42822,-0.1764032,-8181.12,15400.72,10765.7,0.3870127,-38.35492,59420.42,9866.294,-0.09022755,-8112.04
0.125025,4.845,1.050238,0.6681476,5.088405,11.426,0.0,0.2249128,0.0,6798.0,0.01802316,0.02374891,0.03585297,0.03067244,0.0676983,0.07505815,0.05039949,0.04965443,0.03019963,0.03526677,0.04644667,0.03757615,0.04658399,0.04690829,0.04244665,0.04025119,0.04463071,0.04218316,0.03715347,0.04258169,0.05129825,0.03797877,0.03440768,0.03297906,0.04781388,293.1993,58.6589,0.06353985,-3882.966,13567.35,10549.7,0.6882906,-26.95665,58489.0,11769.75,0.1024851,-3808.643
0.1152875,7.999,0.3650708,0.181906,2.920202,12.223,0.08606212,0.2273585,1.051937,5105.6,0.01644398,0.03546201,0.0356478,0.03708309,0.06101098,0.06939529,0.08353038,0.05339174,0.03763498,0.04687223,0.04236352,0.05061838,0.04308338,0.04195885,0.04400792,0.04179153,0.03456663,0.03401874,0.03683681,0.03648473,0.03408591,0.02901622,0.0292947,0.02540021,0.03003493,299.4293,48.76862,0.01784995,-8723.615,10531.36,9531.264,1.218768,-15.71773,59735.52,9788.198,0.1525367,-8546.983
0.118675,5.92,0.3513582,0.222593,2.080041,12.67,0.0,0.1178687,0.0,6719.6,0.01822787,0.03431927,0.04205563,0.04154931,0.06032305,0.07083695,0.06780231,0.04996409,0.03780704,0.04758033,0.03773959,0.04772429,0.04142514,0.0393009,0.04059498,0.03110943,0.03333861,0.03127911,0.03503717,0.03833454,0.04173008,0.03638703,0.04249684,0.03303644,0.02211601,275.4045,54.47233,0.4591189,-4059.663,13135.41,11277.5,0.7340506,-19.99785,54860.26,10942.34,0.4901458,-3942.387
0.129425,4.408,0.1731896,0.09392604,0.7634198,13.582,0.0,0.06984494,0.0,6197.4,0.01767411,0.04026665,0.0399384,0.04131607,0.05391466,0.05317794,0.06945199,0.05535694,0.0392044,0.04391503,0.04359067,0.05331258,0.04628213,0.03969472,0.03859548,0.03523631,0.03463498,0.03573113,0.04307596,0.04715979,0.03894994,0.03114647,0.03028992,0.02808374,0.01755716,297.1092,61.12117,-0.1120157,-3481.23,12006.71,10006.8,0.9026148,-21.25367,59268.07,12223.6,-0.07136383,-3458.545
0.1403375,4.723,0.2242643,0.1364478,1.0592,13.338,0.1091961,0.1606778,1.456457,7174.8,0.02167519,0.03602312,0.03462015,0.03589898,0.03884926,0.03910553,0.03487485,0.0383778,0.03980663,0.04027404,0.04248196,0.04155005,0.03973054,0.04358672,0.05045327,0.04518854,0.04610648,0.04497371,0.06112014,0.06604424,0.04746815,0.03819527,0.03820003,0.03539534,0.01500007,291.6177,50.83503,0.3317965,-6672.708,15819.49,9731.49,0.4246249,-58.27476,58163.56,10245.8,0.3788058,-6425.213
0.1424625,4.247,0.1268969,0.07938418,0.5389312,13.864,0.08342767,0.1226339,1.156641,6791.2,0.02324363,0.04021312,0.0370505,0.03707709,0.03952132,0.03469391,0.0332562,0.03624467,0.0408149,0.04709897,0.03782625,0.04433957,0.04274973,0.03855359,0.04566018,0.04530427,0.04618557,0.04734581,0.06623002,0.07072761,0.0440636,0.03654305,0.03254368,0.03271276,0.01955719,308.1092,60.60006,-0.3572976,-4152.003,15375.58,9315.319,0.4140363,-61.19302,61585.89,12135.33,-0.297243,-4135.657
0.1563,5.683,0.2858801,0.1518288,1.624657,14.498,0.05980137,0.1165763,0.8670003,6902.6,0.02196594,0.03574558,0.03516482,0.03295764,0.03518981,0.03210827,0.03172754,0.03128978,0.03397291,0.0346411,0.03372136,0.03649614,0.03831834,0.03778135,0.0454653,0.05110427,0.0569514,0.06694153,0.0670711,0.0751819,0.05405694,0.03897081,0.03721326,0.03596289,0.02070926,307.3271,52.33269,-0.1177457,-7319.708,16666.55,8798.407,0.3544707,-98.85028,61403.81,10556.24,-0.03176186,-7072.933
0.127175,3.999,0.2408506,0.1976897,0.9631615,10.601,0.04906379,0.1322774,0.5201252,6732.0,0.01999184,0.03389781,0.03343141,0.03198424,0.06228167,0.03162582,0.06960443,0.03214309,0.05493484,0.04111157,0.04271399,0.03565292,0.03616079,0.03459776,0.03639737,0.03954175,0.04457143,0.04924553,0.05949995,0.06110379,0.04850881,0.03614206,0.0316636,0.03319353,0.09975553,351.7116,43.89822,-2.066808,-25031.36,14860.6,9870.215,0.4558622,-44.96224,70446.75,8451.804,-1.717627,-29373.65
0.1225375,3.999,2.405232,2.074706,9.618523,9.999,0.0,0.255835,0.0,4005.0,0.01635769,0.02719512,0.03839398,0.02578717,0.09161742,0.03304779,0.1195272,0.03554301,0.08788499,0.0609566,0.06012008,0.03053441,0.02890882,0.02848782,0.0271254,0.02927777,0.03321493,0.03835016,0.03241342,0.04038151,0.03946581,0.02750744,0.024322,0.02357943,0.09987424,291.6909,30.13502,0.3285723,-53046.76,9414.933,9240.131,1.357237,-11.85538,58026.67,6037.82,0.4753415,-51736.44
0.1487125,3.999,3.391479,2.75088,13.56253,10.418,0.0,0.2162925,0.0,3578.8,0.01549365,0.02473582,0.03761841,0.0227236,0.08155692,0.03605742,0.1281041,0.04315424,0.08648121,0.0713845,0.05001044,0.03006992,0.02818168,0.02836038,0.02934599,0.03125135,0.03592845,0.03699143,0.03130204,0.04068524,0.0377176,0.02580589,0.02388599,0.02315376,0.08725189,273.1955,67.32911,0.6618368,-1720.089,9198.125,9075.086,1.42106,-11.41243,54811.46,13778.27,0.6484127,-1598.903
0.1694,4.899,0.5321879,0.373908,2.607188,10.894,0.1220623,0.2671512,1.329746,7125.4,0.02051708,0.02747208,0.02680772,0.02983062,0.03327378,0.03904817,0.0344468,0.03788448,0.03891512,0.04365059,0.03477151,0.04338499,0.0408204,0.04077357,0.04852223,0.05260999,0.05336241,0.05503904,0.0544718,0.07014021,0.05751832,0.04438689,0.03625477,0.03609745,0.05952073,324.5817,47.59793,-0.2681722,-13213.11,16554.43,9299.184,0.334724,-79.78542,64625.89,9502.895,-0.2044344,-13111.73
0.1618625,4.973,1.170565,0.8420814,5.821221,10.846,0.4640998,0.7621746,5.033626,7090.4,0.01897903,0.02405411,0.02529112,0.03044031,0.03297865,0.04427512,0.03644075,0.03759998,0.03990408,0.04310499,0.03500058,0.045898,0.03991628,0.04094274,0.04573614,0.04908674,0.05396514,0.05514686,0.0571433,0.06913778,0.05852347,0.04426701,0.03639295,0.03577487,0.06186957,286.6296,59.56355,0.2792649,-3345.556,16541.15,9283.591,0.3223438,-80.03521,57309.22,12018.5,0.3265796,-3239.526
0.15625,4.353,1.036005,0.4746103,4.50973,10.206,0.2742296,0.5761642,2.798787,7190.0,0.01745515,0.02611123,0.02480023,0.02871659,0.03577412,0.04016354,0.04233459,0.03475884,0.03819483,0.04346372,0.03904524,0.04613413,0.04075926,0.04943164,0.04144094,0.04426335,0.05103575,0.05242261,0.05384186,0.0622244,0.06789325,0.04430233,0.03842347,0.03700893,0.05052185,289.874,63.87691,0.2034889,-2659.461,16821.77,9609.5,0.2786292,-75.40014,58221.85,12739.31,0.3392066,-2744.14
0.1709625,4.255,0.5725837,0.4152687,2.436344,10.696,0.2133369,0.3792434,2.281852,7062.2,0.02147064,0.02566356,0.02587701,0.02965778,0.03779324,0.02999866,0.03434208,0.04033266,0.03898545,0.03963448,0.04047256,0.05298619,0.04647116,0.04811839,0.04425071,0.04944783,0.04976837,0.05762204,0.05322653,0.05795091,0.06033597,0.04439763,0.03646585,0.03473031,0.06081997,324.6637,59.10871,-0.8175435,-5624.656,16175.97,9458.233,0.4124343,-69.43993,65028.6,11667.45,-0.6797519,-5976.885
0.1625625,6.543,0.7863652,0.483075,5.145188,10.985,0.2428922,0.4764045,2.668171,7301.4,0.0237732,0.02322007,0.03320112,0.03608113,0.03709926,0.04724776,0.03777061,0.03234262,0.04139279,0.03713215,0.03908124,0.03838866,0.0393595,0.04299268,0.0464198,0.0484856,0.0444937,0.04987846,0.05112797,0.05901464,0.06602426,0.04918062,0.03918341,0.03710876,0.07680769,309.066,48.62663,-0.2167183,-10001.75,17091.3,9894.876,0.1972926,-72.10068,61519.5,9636.149,-0.06753431,-10212.82
0.1509375,5.059,0.6674644,0.3616659,3.376702,10.477,0.2960686,0.6391622,3.101911,7160.2,0.01959984,0.02178593,0.04087655,0.04398748,0.03852457,0.06074538,0.0493458,0.03296259,0.04792823,0.03654652,0.04192131,0.03629329,0.03968077,0.04395856,0.04392834,0.04085871,0.03642163,0.04404422,0.04994012,0.05967745,0.0584715,0.04014862,0.0363803,0.03597229,0.06498279,265.0347,44.26692,0.7885416,-7894.415,15697.45,10247.98,0.3558339,-47.91195,52831.91,8955.207,0.9133597,-7476.593
0.15055,5.715,0.5520544,0.2755902,3.154991,16.858,0.0,0.1481804,0.0,6352.2,0.01759301,0.02491629,0.03750007,0.04302249,0.06567579,0.05433819,0.05199496,0.04761898,0.04780551,0.03870038,0.04450877,0.03960905,0.05231319,0.05125818,0.04190061,0.03871593,0.03723958,0.04067138,0.03958165,0.05447067,0.03969613,0.03138434,0.02923695,0.03024793,0.0379882,289.8819,64.41584,0.04731709,-2574.699,12643.38,9912.409,0.8276104,-25.87618,57928.21,12877.38,0.07611956,-2579.89
0.1756375,7.892,0.2850014,0.2559169,2.249231,11.757,0.03749324,0.1255691,0.440808,7498.8,0.02376682,0.03087393,0.02971883,0.03033219,0.03400099,0.03326495,0.03101961,0.03546557,0.03497534,0.03653322,0.03676631,0.04201489,0.04761266,0.04539492,0.04928067,0.04378174,0.04941659,0.05040632,0.05428976,0.06558327,0.0630217,0.04915972,0.04198955,0.04133045,0.03504862,315.1033,54.11013,-0.1658106,-7081.92,17662.31,9838.818,0.2175377,-82.38813,62873.43,10838.41,-0.1161638,-6997.534
0.17405,7.249,0.4987779,0.3863072,3.615641,10.434,0.1051131,0.1952908,1.09675,7035.4,0.02068036,0.02990558,0.02670913,0.02933771,0.03347496,0.03281429,0.03930995,0.03878604,0.04620959,0.04477694,0.04157848,0.04529529,0.04969623,0.04706114,0.04544983,0.04659976,0.04782951,0.04954923,0.05390786,0.05908212,0.05785442,0.04406735,0.03611483,0.03390939,0.03398555,303.145,47.52009,-0.255278,-10147.91,15908.11,9576.813,0.4088921,-62.85051,60435.3,9543.883,-0.2019275,-9888.66
0.1551375,6.749,0.871172,0.577384,5.87954,13.585,0.2953714,0.4512223,4.012621,7084.8,0.0209382,0.02783087,0.02962304,0.02876827,0.0325322,0.03610373,0.03915863,0.03812057,0.04806152,0.04573159,0.04200448,0.0420936,0.0423854,0.04531437,0.04519018,0.04628944,0.04755989,0.05088349,0.05657732,0.06505147,0.05867987,0.04109989,0.03528724,0.03471474,0.03637832,295.6836,62.20586,0.1339341,-3188.9,16156.39,9453.854,0.3669632,-69.23339,59028.04,12489.36,0.1871663,-3129.246
0.1508125,4.234,0.1255836,0.1100329,0.5317209,10.305,0.02418366,0.1137185,0.2492126,6344.8,0.01839623,0.03180885,0.07877931,0.03961428,0.0452488,0.05845462,0.03352235,0.03435112,0.03768076,0.03793347,0.03644143,0.04019473,0.04526875,0.04522004,0.0435506,0.04173636,0.0386163,0.04516489,0.04625643,0.05160427,0.05073888,0.03691079,0.03205946,0.03044727,0.02564235,301.3014,49.46802,-0.01548279,-8452.314,14107.2,10139.01,0.5246557,-34.72876,60227.89,10036.98,0.06559204,-7995.579
0.151,4.91,0.4672317,0.328847,2.294108,10.702,0.004370158,0.1305401,0.04676943,6821.6,0.02104253,0.03024488,0.06752845,0.03362294,0.04115053,0.05349768,0.02916696,0.03277522,0.03742852,0.03598889,0.03841304,0.04289754,0.04839028,0.0440939,0.04569863,0.04239802,0.04316837,0.0471499,0.04846509,0.05326848,0.0551034,0.04117107,0.03482103,0.03251466,0.02330778,281.6923,61.40128,0.3718773,-2775.289,14954.28,10123.21,0.430752,-42.37149,56345.11,12319.21,0.4083254,-2752.314
0.1249375,4.728,0.2203972,0.1591093,1.042038,16.866,0.0,0.04764714,0.0,7019.4,0.01902168,0.03573244,0.034659,0.04685854,0.05415434,0.03344847,0.03544193,0.04431853,0.03738565,0.03607076,0.04267079,0.04945039,0.04554709,0.0406491,0.04428645,0.04303295,0.04459516,0.05295952,0.05264353,0.05243256,0.04856228,0.03889265,0.03430141,0.03288478,0.01683159,303.928,56.3418,-0.1964295,-5238.707,14902.93,9871.981,0.5124899,-45.37209,60797.39,11361.84,-0.1274919,-5092.105
0.118875,4.047,0.1098759,0.09048675,0.444668,10.48,0.0,0.04960177,0.0,6535.4,0.0181018,0.03479837,0.03284043,0.04590129,0.05623044,0.03235155,0.0407897,0.06048141,0.0375589,0.03266682,0.04781617,0.06946703,0.04737139,0.04069679,0.03879586,0.03615058,0.03820586,0.05400587,0.04598483,0.04828719,0.04455234,0.03455688,0.03111277,0.03127572,0.01833329,302.672,57.19408,-0.04510641,-4858.807,13687.56,9969.155,0.7023268,-33.02473,60610.31,11587.75,-0.001213778,-4656.329
0.1313875,4.858,0.1697681,0.1282874,0.8247333,12.795,0.008539769,0.06519912,0.1092663,6214.0,0.01861506,0.03670801,0.03387672,0.04447257,0.05289305,0.05333842,0.04438028,0.06000512,0.04215142,0.04704217,0.04842845,0.05977702,0.04194157,0.03598029,0.0339828,0.0319685,0.0344957,0.04279376,0.0431974,0.05152546,0.04758414,0.03668794,0.02939194,0.02876221,0.02282229,310.6682,57.8209,-0.185539,-5157.991,13308.89,10118.4,0.6450073,-28.94379,61925.33,11588.96,-0.1671747,-5064.003
0.1352,4.581,0.3872851,0.2594247,1.774153,10.857,0.08725234,0.1816061,0.9472986,6990.2,0.01771378,0.03119057,0.0288481,0.03233125,0.04980251,0.05589591,0.03314057,0.03330779,0.04589522,0.04928387,0.04919894,0.05678784,0.04300817,0.04204578,0.03725696,0.03615402,0.03895973,0.04832663,0.05165651,0.05905943,0.05097074,0.04022978,0.03536893,0.03356699,0.02470236,302.7368,56.55874,-0.2463674,-5080.684,15042.12,10017.49,0.4741798,-44.71883,60537.09,11307.44,-0.1319534,-5102.224
0.1419875,4.145,0.5712365,0.3390213,2.367775,10.775,0.08632284,0.2280809,0.9301286,7116.0,0.01804998,0.02830261,0.02711583,0.03501392,0.0371272,0.03122142,0.03915787,0.0438688,0.04643848,0.0416888,0.04394509,0.05758439,0.04393806,0.0441898,0.03891194,0.03967535,0.04174791,0.0523511,0.05505062,0.06197569,0.05411373,0.04341709,0.03900722,0.0361071,0.0533453,322.3844,64.62547,-0.7434296,-3852.941,16052.51,9887.687,0.3926258,-58.20487,65187.86,12698.21,-0.5912357,-4326.36
0.1309625,4.173,0.7492789,0.6187833,3.126741,12.079,0.1251472,0.3039558,1.511653,6789.4,0.01769831,0.02428514,0.02491905,0.05345677,0.03433766,0.04723799,0.05617199,0.04997172,0.03884531,0.05537499,0.04148717,0.04842632,0.04070704,0.04068268,0.04161165,0.04294359,0.04768759,0.05101736,0.04596981,0.05258966,0.04616003,0.03334117,0.03375121,0.03132577,0.07143089,313.5551,48.38056,-0.1859584,-10802.93,13918.58,9798.415,0.6785737,-36.91351,62934.85,9905.275,-0.08097087,-10020.39
0.1338875,4.336,1.140009,0.8642204,4.943078,12.157,0.228802,0.6366598,2.781546,6865.8,0.01882827,0.02086857,0.02191871,0.0539987,0.04312837,0.0432281,0.0503715,0.04430651,0.03834396,0.05045406,0.03920502,0.03995502,0.03877611,0.04195324,0.04423134,0.04690312,0.0524893,0.05397251,0.0491975,0.0569442,0.04805101,0.03522986,0.03509369,0.03255136,0.08106538,285.8336,63.84053,0.3162884,-2523.484,14804.6,9638.875,0.5747708,-47.94167,57157.21,12715.2,0.3966378,-2572.365
0.1274,3.999,1.028374,0.7956134,4.112468,11.973,0.0,0.2404799,0.0,6129.4,0.01779667,0.0235351,0.02219223,0.02811673,0.08602418,0.03383567,0.03803761,0.0361484,0.06170798,0.03309722,0.04252746,0.04720385,0.03324222,0.04997854,0.0411515,0.0413846,0.03903142,0.05238857,0.05480085,0.05647463,0.0545623,0.04098507,0.03513108,0.03064614,0.05519472,295.1915,49.53603,0.03008043,-7753.582,15302.9,9730.716,0.3850107,-52.22451,58798.96,9973.832,0.141756,-7456.713
0.134425,3.999,0.8128735,0.3033057,3.250681,11.36,0.1046568,0.4041049,1.188901,6990.6,0.01972213,0.02326094,0.02119967,0.02736271,0.03384578,0.0424809,0.04233898,0.03903864,0.04342245,0.0376509,0.04737891,0.04111543,0.03718176,0.04248239,0.04576053,0.04528802,0.04445701,0.05752818,0.06210665,0.06334497,0.06232168,0.04686086,0.03927531,0.03457519,0.04843083,276.1018,58.22304,0.6040101,-3158.458,16819.61,9367.288,0.2545389,-82.32882,55158.53,11766.98,0.6388282,-3029.671
0.1209875,5.466,0.1825622,0.1371798,0.9978849,10.579,0.03224474,0.09908132,0.3411171,6646.8,0.01875802,0.03241005,0.03289102,0.03271209,0.0472313,0.06225912,0.03774583,0.03488256,0.03462285,0.05151122,0.05094318,0.05496224,0.04670257,0.04594196,0.03815251,0.03848772,0.04486004,0.04574178,0.05060043,0.04597073,0.05182806,0.03795446,0.03197579,0.03085446,0.01917311,298.008,55.20573,0.03629099,-5252.976,14048.42,9856.994,0.6306007,-37.43929,59358.68,11072.87,0.05752214,-5128.478
0.1184125,4.282,0.1188069,0.1128858,0.5087313,15.266,0.0,0.05021386,0.0,6179.4,0.01859255,0.03435464,0.03283505,0.04254682,0.05539325,0.05220915,0.04136142,0.04283402,0.03783842,0.04489223,0.07186208,0.04632745,0.04678342,0.04794533,0.03681133,0.03703088,0.03614179,0.04295872,0.04217909,0.04458493,0.05132483,0.03424648,0.03008642,0.02885969,0.03507169,322.031,61.74182,-0.5629454,-4589.915,13100.09,9906.945,0.751124,-29.23886,64524.36,12216.08,-0.4589696,-4838.559
0.1304625,5.284,0.3426415,0.1732895,1.810518,12.231,0.0940946,0.1970179,1.150871,6872.6,0.01961353,0.02794598,0.02546765,0.04552124,0.04602696,0.04885269,0.04329712,0.03885549,0.03529595,0.03553403,0.04782127,0.04287744,0.04177561,0.04417021,0.03970121,0.05001496,0.04764243,0.0532981,0.04944241,0.05355492,0.05445369,0.04009441,0.03667538,0.03206732,0.03753511,308.5467,49.81611,-0.1959785,-9030.906,15399.95,9756.521,0.4509636,-52.79695,61608.7,10018.33,-0.1046419,-8808.387
0.136425,5.35,0.6235903,0.3093449,3.336208,13.101,0.1378023,0.3200273,1.805348,7067.8,0.02040796,0.02552423,0.02433286,0.02442775,0.03163673,0.05203354,0.04346139,0.03642332,0.03479675,0.03426029,0.05033962,0.04055549,0.04362937,0.04684026,0.04207011,0.05365661,0.05128195,0.05695419,0.05378047,0.05770295,0.05865583,0.04296213,0.03956792,0.03469826,0.03764988,281.1833,57.33771,0.3940655,-3602.494,16268.33,9521.774,0.4094645,-69.21725,56150.15,11550.47,0.4426067,-3493.674
0.126225,5.165,0.2357393,0.1227298,1.217594,10.654,0.01257019,0.1048002,0.1339228,6509.4,0.01941535,0.03176951,0.02988703,0.02971876,0.04611488,0.06688194,0.03196411,0.03429612,0.033289,0.04649881,0.04144803,0.05762567,0.06092155,0.04364593,0.04045783,0.03875546,0.04171617,0.04488833,0.05642248,0.05474855,0.05020059,0.0358587,0.03218448,0.0312907,0.02053885,291.4864,56.57103,0.2121494,-4374.394,14372.54,9684.308,0.5891267,-42.78096,58139.38,11408.81,0.2432172,-4203.339
0.1630125,4.979,0.5850387,0.3524458,2.912908,11.386,0.0,0.1361416,0.0,6973.6,0.02016526,0.02650409,0.03934404,0.03328329,0.04495393,0.05396328,0.040458,0.04157467,0.03494157,0.03380536,0.03594228,0.04150177,0.04640887,0.04868903,0.04153576,0.0418286,0.04400085,0.05205778,0.04965317,0.06067397,0.0562105,0.04221335,0.03711928,0.03317131,0.03992139,309.7429,56.48381,-0.3343141,-5588.371,15677.15,9850.902,0.3614638,-54.37228,61892.97,11166.57,-0.1640067,-5848.265
0.1474875,5.006,0.7003709,0.4632034,3.506057,11.948,0.05046095,0.2189729,0.6029074,6822.8,0.0215172,0.02594017,0.02849744,0.03436025,0.04899165,0.06278481,0.04431406,0.03772564,0.03685098,0.03478569,0.03050041,0.04054855,0.03966354,0.04041054,0.04221408,0.0419266,0.04577452,0.05779384,0.05923697,0.06831715,0.05105073,0.03906632,0.0342993,0.03342954,0.04819503,310.8451,56.42013,-0.3222287,-5693.022,15666.0,9430.893,0.3536353,-62.68543,62013.61,11257.52,-0.2763585,-5708.145
0.1420375,4.634,0.5149314,0.3048841,2.386192,10.066,0.08428902,0.2565361,0.8484533,6773.2,0.02117148,0.02363598,0.02798142,0.03100058,0.03753504,0.06408803,0.05955262,0.04763918,0.04919875,0.03819067,0.03426352,0.04313368,0.03486359,0.03576582,0.04215297,0.04210767,0.04670903,0.05039819,0.05737338,0.06029078,0.05058007,0.03619913,0.03344327,0.03272514,0.05271603,301.4399,58.80416,0.1747809,-4287.334,14847.25,9745.501,0.4800387,-46.75873,60619.87,12020.2,0.1875548,-4034.873
0.1237375,4.376,0.561973,0.3665025,2.459194,12.503,0.0,0.2167438,0.0,6074.4,0.01741206,0.02257245,0.02955767,0.0371217,0.04410135,0.06205411,0.07542969,0.05990381,0.05783531,0.04211759,0.03833596,0.04556742,0.03859233,0.03831343,0.03504194,0.03561762,0.03723071,0.04114207,0.04733384,0.0545638,0.04626055,0.03335325,0.03068316,0.02985817,0.05248231,297.2054,58.08795,-0.223997,-4255.636,13045.83,10043.2,0.7073287,-27.68611,59227.3,11620.74,-0.1977504,-4205.597
0.15,4.101,1.711529,1.122509,7.018981,11.673,0.04340895,0.3417965,0.5067127,5098.8,0.01475658,0.02193105,0.03176338,0.04334841,0.0447123,0.06306988,0.07240417,0.07056606,0.06141313,0.05093479,0.04441171,0.04354009,0.04200527,0.04275902,0.0386181,0.03462296,0.03462424,0.03497392,0.03967412,0.04677356,0.04082673,0.029296,0.02691319,0.02606133,0.04601184,280.1644,53.45159,0.5876892,-4676.849,11301.13,9607.183,1.030034,-19.68646,55928.2,10766.75,0.6900331,-4530.966
0.1526,4.353,0.4545052,0.3157978,1.978461,13.583,0.04848658,0.1367213,0.6585932,7176.2,0.02025991,0.02874768,0.03772263,0.04565352,0.04656789,0.04086445,0.03890234,0.04332225,0.03889447,0.04038959,0.03226887,0.04296928,0.03711575,0.03920238,0.05106771,0.04244077,0.04096483,0.04635856,0.05525383,0.06107657,0.05395193,0.04516941,0.03560238,0.035233,0.06169917,333.7119,66.38622,-1.15446,-3969.263,15945.76,9996.783,0.3249978,-54.81925,67612.85,12416.92,-0.8286465,-5453.402
0.1322875,4.666,1.239512,0.7615446,5.783563,11.568,0.02673974,0.2455147,0.3093254,6914.2,0.01928481,0.02537262,0.02798365,0.07602449,0.04100301,0.03826477,0.04295205,0.05009797,0.0381716,0.05380596,0.03041331,0.03018704,0.03501629,0.04055011,0.03923294,0.03607829,0.04675897,0.04571513,0.05352374,0.0667259,0.0563738,0.0373005,0.03412088,0.03504218,0.06485035,307.6853,43.96667,-0.4405594,-14635.75,15381.83,10189.24,0.3206915,-45.56581,61346.58,8770.843,-0.1983427,-14653.23
0.1202,4.643,2.351284,1.218989,10.91701,10.634,0.0,0.392459,0.0,6755.6,0.02017502,0.0222068,0.02884609,0.09024386,0.03569323,0.03858381,0.05099301,0.03675002,0.03225158,0.03199307,0.02827349,0.02944156,0.03445356,0.03900007,0.04280258,0.03788419,0.05391551,0.05077065,0.05809347,0.07122362,0.05706469,0.03718294,0.03544563,0.03671156,0.1337569,324.3717,66.53209,-0.7150104,-3522.238,15596.12,10088.54,0.2837721,-49.25128,65394.9,12980.74,-0.6072681,-4018.353
0.1248375,3.999,1.807572,1.18004,7.228479,12.724,0.1356052,0.6468507,1.725441,5568.0,0.01990562,0.01710725,0.03082436,0.0400471,0.05610661,0.06229373,0.05247193,0.04985167,0.05305444,0.03728267,0.04146068,0.03349007,0.054143,0.05275995,0.05353445,0.0465003,0.04239776,0.04580781,0.0482234,0.04295379,0.03474421,0.03095817,0.02713216,0.02694889,0.1701722,320.184,44.54581,-0.149674,-16273.31,11935.05,9133.215,1.029765,-27.28869,64207.73,9093.138,-0.02180832,-15214.95
0.1208,3.999,3.311756,2.507821,13.24371,10.061,0.9080024,1.811213,9.135412,5301.6,0.01712559,0.01664123,0.03370925,0.04398075,0.06143993,0.0719293,0.05065011,0.05217427,0.04888235,0.04225093,0.04183981,0.03122194,0.0514379,0.05018935,0.0521463,0.04711705,0.04137228,0.04444694,0.03850913,0.04328672,0.03749009,0.02909299,0.02676785,0.02629798,0.1937334,290.2299,58.59097,0.05441733,-3747.926,11430.66,9218.93,1.075652,-22.93532,57676.54,11627.39,0.1097605,-3781.577
0.1343,4.449,3.845435,2.255997,17.10834,9.999,0.4615944,1.29434,4.615483,6306.2,0.01773497,0.0174267,0.03831685,0.03105685,0.03758781,0.06568645,0.05044672,0.04781849,0.04572706,0.05487301,0.04446553,0.03513984,0.05365005,0.06221655,0.04174927,0.03332961,0.03538645,0.05314505,0.04343428,0.05275053,0.0460803,0.03159119,0.03037772,0.0300087,0.1400521,269.674,38.34388,0.7836964,-14920.26,13465.97,9704.402,0.7490602,-34.06867,53555.85,7670.82,0.9086839,-14548.13
0.1426,6.144,1.622373,0.6343075,9.96786,10.456,0.04568907,0.5439227,0.4777249,6510.0,0.01877406,0.02061211,0.03610404,0.03023639,0.05547401,0.04787322,0.07697986,0.0360315,0.04982462,0.03945782,0.03361088,0.0324311,0.0415117,0.04255027,0.0515612,0.03695398,0.04431148,0.0485543,0.04889941,0.04853265,0.05790659,0.03801597,0.03137311,0.03241972,0.07993633,274.7438,69.38841,0.5722902,-1563.932,14293.2,10068.0,0.5344287,-37.09955,56408.55,14639.12,0.493897,-1413.173
0.1546875,4.868,0.556434,0.4269811,2.708721,10.515,0.0,0.1434763,0.0,6667.6,0.01979708,0.02555386,0.02870939,0.03556521,0.04104885,0.04409525,0.04589251,0.04580497,0.04509179,0.04502025,0.04767664,0.05801859,0.06242063,0.04641922,0.04035842,0.03652488,0.03977125,0.03809638,0.05251527,0.06116627,0.04341709,0.03407114,0.03112969,0.03183539,0.07532742,325.1408,43.30473,-1.064729,-19344.1,13942.5,9652.328,0.6894494,-38.99476,64779.42,8470.414,-0.8099475,-20875.26
0.162675,3.999,0.9810725,0.7106088,3.923309,10.197,0.03502574,0.4720969,0.3571575,7066.8,0.01987643,0.02065821,0.02389356,0.02692674,0.03631736,0.03483827,0.04374756,0.04571769,0.04391325,0.0471289,0.05097575,0.0619084,0.06515164,0.0473679,0.04060154,0.03651664,0.03374098,0.03668293,0.05838795,0.06556285,0.05074379,0.03715281,0.03610266,0.03608617,0.07615814,282.3164,47.26438,0.7052659,-7824.016,15147.4,9875.631,0.5473576,-47.93299,56203.31,9500.696,0.7804993,-7558.332
0.15825,4.657,1.031723,0.7390743,4.804736,13.664,0.1601854,0.3528676,2.188774,7207.0,0.01905443,0.02583724,0.02939284,0.04434392,0.04224848,0.04906563,0.04768723,0.04062987,0.03805651,0.0314811,0.03178637,0.03207956,0.04209911,0.04932822,0.04343508,0.04215098,0.0368089,0.04209082,0.0654434,0.06870007,0.05714712,0.04052884,0.04108074,0.03952353,0.03915694,283.2952,60.90517,0.1605158,-2928.907,16811.15,9951.454,0.2264371,-66.69287,56620.3,12253.61,0.2614049,-2864.44
0.1495375,4.296,0.5352851,0.4496721,2.299585,10.908,0.1483425,0.2699839,1.61812,7007.8,0.02154979,0.02544824,0.03850701,0.03810887,0.04695937,0.04509891,0.05407677,0.04068443,0.05055126,0.0377542,0.04363808,0.04238358,0.04317911,0.03727784,0.04096982,0.03906219,0.03971382,0.04927556,0.04848891,0.06437253,0.05081705,0.03546702,0.03325334,0.0333623,0.08122104,327.9546,49.70998,-1.305915,-11590.74,14975.12,10002.37,0.4483344,-44.20465,65384.7,9765.842,-1.122457,-12324.86
0.1611125,4.152,1.096397,0.8222549,4.55224,10.578,0.1192419,0.4777215,1.261341,6661.6,0.01990045,0.01958548,0.0370107,0.02329636,0.04345323,0.02456181,0.05766363,0.04681286,0.06186107,0.04103214,0.0490877,0.04836379,0.05077827,0.04234435,0.04239069,0.04411022,0.04591374,0.04993438,0.04685798,0.06536243,0.04295266,0.03237056,0.03212845,0.03222705,0.0851527,294.1041,45.92928,0.4735439,-10298.54,14553.71,9666.685,0.6121201,-44.80384,58706.2,9259.236,0.6184113,-9937.398
0.1770125,5.511,0.3949294,0.2850307,2.176456,10.117,0.1724478,0.3328231,1.744655,7142.8,0.02272907,0.02582208,0.04154289,0.02675205,0.0427378,0.03424261,0.05442975,0.05019441,0.04800968,0.03403328,0.03095587,0.03277642,0.0370664,0.04054868,0.03839432,0.04219842,0.05227903,0.05721776,0.05772164,0.06520401,0.05548819,0.03808651,0.03546259,0.03610654,0.04414371,289.5154,58.6477,0.214874,-3697.666,16312.03,9553.947,0.3389856,-68.92454,57646.14,11730.18,0.2382851,-3645.568
0.182725,5.3,0.3531179,0.2228277,1.871525,10.924,0.1668653,0.2788836,1.822836,7263.8,0.02106137,0.0251661,0.03258865,0.02887567,0.03685955,0.03590425,0.04514326,0.03825228,0.03626562,0.03399795,0.03307511,0.03853972,0.04617845,0.05027935,0.04604261,0.0471673,0.04859076,0.05254062,0.05769249,0.06790652,0.05985347,0.04145599,0.0378369,0.03872601,0.03367345,290.7935,56.3911,0.1216175,-4388.037,16727.3,9535.612,0.3379837,-75.80501,58077.11,11345.25,0.1643346,-4278.399
0.1940625,5.37,0.6491948,0.4483478,3.486176,10.751,0.237344,0.3637581,2.551685,7198.8,0.02362041,0.02698627,0.0282583,0.03229619,0.03323576,0.04194537,0.04250999,0.04420282,0.03806922,0.03391133,0.03436508,0.03695222,0.04017685,0.0397815,0.04372531,0.04360861,0.05161281,0.05635354,0.05738053,0.06974125,0.05895434,0.04552499,0.03920929,0.03757801,0.03622729,296.4988,61.28317,-0.1362194,-3417.368,17006.08,9510.668,0.2344114,-81.09863,59410.13,12261.15,-0.04512971,-3449.402
0.1596125,4.472,1.002848,0.7021998,4.484736,11.602,0.3066991,0.5145773,3.558323,6686.8,0.01979737,0.02288097,0.02709006,0.04096917,0.03605954,0.06818653,0.04793224,0.05116838,0.04435869,0.03364705,0.03058286,0.03797579,0.03697068,0.04234105,0.04907068,0.04820321,0.05061132,0.05239685,0.04835068,0.05700908,0.05047796,0.03935398,0.03295948,0.03160639,0.1142093,334.8591,45.02825,-1.176479,-18625.21,14713.45,9701.515,0.5185748,-46.03212,66893.15,8971.792,-1.004937,-18874.83
0.12555,3.999,3.402019,2.399477,13.60468,12.955,0.1752502,0.8396405,2.270366,5106.2,0.01609579,0.01641258,0.03452963,0.05299798,0.04622955,0.08364232,0.0553264,0.05947892,0.0500974,0.0358293,0.03371396,0.04010198,0.03681568,0.04585432,0.05015828,0.04800949,0.04646059,0.04284202,0.03705102,0.0469804,0.03818315,0.02992251,0.02657125,0.02669547,0.1263858,297.7262,46.7151,0.242898,-10109.09,11643.41,9415.607,0.9892199,-22.97379,59217.25,9258.372,0.3313725,-10287.83
0.139875,7.675,2.946144,1.426357,22.61166,9.999,0.0,0.6931958,0.0,5645.6,0.0184283,0.01962137,0.04414411,0.02937111,0.05542816,0.08721168,0.03979549,0.04966831,0.03653644,0.03941053,0.03914173,0.03261529,0.03428657,0.03638339,0.04210454,0.04232718,0.06046355,0.0580541,0.0438783,0.05516492,0.04553817,0.03042304,0.02956152,0.03044221,0.09515966,264.7212,52.34669,0.8953173,-4062.017,13239.72,9671.34,0.6867899,-32.52588,52723.49,10621.34,0.9469876,-3790.595
0.1569375,5.859,1.210781,0.69973,7.093968,11.008,0.2554976,0.4824519,2.812518,6911.2,0.01836602,0.0252499,0.0403685,0.03231301,0.04732609,0.05130888,0.03647669,0.0401567,0.03912224,0.04524435,0.04409324,0.0429477,0.04811416,0.05081811,0.04359198,0.03634429,0.03343055,0.04978019,0.05611555,0.06896133,0.04660976,0.03581435,0.03437169,0.03307471,0.04424016,282.6035,61.57929,0.2541635,-2778.764,15476.17,9799.319,0.4397731,-52.82966,58168.48,13260.17,0.2535055,-2338.478
0.16095,4.145,0.952636,0.558276,3.948676,11.099,0.1287008,0.3740368,1.42845,6903.6,0.01869626,0.02298235,0.03209633,0.03305302,0.04945497,0.04561182,0.04372086,0.05550412,0.06902732,0.05621729,0.04564093,0.04075202,0.04124003,0.03862972,0.03327421,0.03041604,0.03264672,0.03949933,0.04799839,0.05870879,0.05327352,0.04067366,0.0370842,0.03379807,0.07986844,314.1349,49.43141,-0.6321502,-9996.504,14779.55,10509.3,0.4586648,-36.24293,62687.38,9900.464,-0.5884395,-9884.524
0.1599125,4.157,2.710443,1.491805,11.26731,9.999,0.0,0.4476178,0.0,5182.4,0.01680567,0.01781014,0.0307865,0.03604042,0.05382163,0.0487605,0.04481827,0.0682184,0.08675955,0.07035023,0.05692428,0.04845011,0.04956453,0.03994766,0.02980316,0.02962053,0.03094203,0.03948674,0.03784547,0.03987388,0.03761128,0.03523413,0.02577463,0.02475027,0.126706,326.9612,64.66615,-0.4492128,-4063.39,10520.82,9240.739,1.252259,-17.29804,65118.64,12803.31,-0.3673268,-4171.738
0.179475,5.855,0.2936513,0.3494331,1.719329,11.37,0.002007916,0.3993636,0.02283001,5617.6,0.01770312,0.01989574,0.03168731,0.04261135,0.04495841,0.06246212,0.05600197,0.06102325,0.08199219,0.05533717,0.05039341,0.04127533,0.02922435,0.0337988,0.03344578,0.03408111,0.03497637,0.04033804,0.03727549,0.04237173,0.04842848,0.04249466,0.03031252,0.02791131,0.1032105,298.6321,38.69807,-0.4294218,-21561.84,12205.69,10213.63,0.8371178,-21.3059,59463.9,7793.168,-0.2869355,-20686.12
0.15765,3.999,0.6187848,0.8352182,2.47452,10.347,0.0,0.6715371,0.0,4389.6,0.01534532,0.01769034,0.03299846,0.04533543,0.05087887,0.06908063,0.06212932,0.06825706,0.09219681,0.06081878,0.05458301,0.04486507,0.0286064,0.03070834,0.03346878,0.03502213,0.03520283,0.04373226,0.03397909,0.03550267,0.03439869,0.02782066,0.0244119,0.02296715,0.10359,262.2224,58.47317,1.118481,-2537.746,9368.815,8778.518,1.493881,-13.18172,52409.44,11894.7,1.119727,-2378.162
0.1489375,6.33,0.3623627,0.2206017,2.293756,10.342,0.1587078,0.2651709,1.641356,6980.2,0.01863127,0.02600457,0.03936043,0.04105095,0.05480703,0.06114088,0.04563774,0.04635508,0.04492594,0.03886126,0.04140494,0.03673309,0.03866699,0.03822089,0.03838288,0.04036352,0.04266698,0.04309708,0.04549436,0.05555427,0.05322635,0.04152851,0.03473633,0.03314866,0.1044567,345.7908,48.60232,-1.568037,-15629.08,14877.46,10374.45,0.4220333,-38.54204,69007.93,9452.277,-1.308582,-17363.88
0.14165,4.096,1.453865,0.8121574,5.955033,10.081,0.3330185,0.8003685,3.357159,6307.6,0.01671207,0.01909602,0.03577789,0.02669556,0.07207749,0.07488184,0.06764605,0.04404402,0.04923254,0.03455188,0.05735357,0.0364198,0.03855724,0.03357432,0.04304284,0.039493,0.03831484,0.0427689,0.03589053,0.05200784,0.04405801,0.03447791,0.03220251,0.03112333,0.1302948,308.6571,42.65357,-0.1572294,-16712.11,12902.81,10389.59,0.7526678,-24.04118,61424.39,8472.704,-0.04237682,-16889.34
0.138,4.586,3.146607,1.599243,14.43034,11.523,0.0,0.6748581,0.0,5176.4,0.01712,0.01827814,0.03729155,0.02015869,0.07744596,0.03398147,0.08528283,0.02715817,0.05561412,0.03397494,0.06062322,0.04221191,0.04155398,0.03605075,0.05114913,0.04448486,0.04139026,0.04820364,0.03829993,0.05302081,0.04734824,0.03201405,0.02880437,0.02853897,0.114583,258.7389,47.01619,1.097917,-5662.039,13052.77,9820.448,0.7429261,-29.67711,51506.77,9495.955,1.135171,-5369.088
0.1744375,4.374,0.5314324,0.3666452,2.324486,14.965,0.0,0.1689993,0.0,7467.4,0.02753324,0.02751253,0.03792331,0.03403544,0.05800856,0.03395005,0.04659265,0.03288387,0.03805394,0.03305893,0.03069688,0.03631186,0.03810395,0.03765958,0.03540936,0.03693616,0.03854052,0.03971092,0.04428794,0.06041239,0.08740869,0.05689804,0.04414149,0.0439297,0.03607176,273.7967,57.40508,0.4283317,-3230.663,19123.02,10298.96,-0.1942757,-92.8455,54602.02,11523.77,0.4601037,-3159.946
0.1425875,7.652,0.3201772,0.179715,2.449996,11.287,0.01415897,0.1248743,0.1598123,7256.6,0.02257371,0.02702496,0.03879707,0.04112075,0.04925623,0.04245928,0.05120053,0.03965013,0.03940761,0.03561166,0.03598545,0.04191985,0.03825832,0.03412093,0.03835165,0.04089401,0.04429737,0.04303788,0.04674557,0.05521932,0.06668578,0.05223151,0.03837311,0.03677733,0.05332845,326.3634,66.97634,-0.7585457,-3514.614,16834.42,10398.66,0.1313766,-57.91542,66034.91,13073.86,-0.6547031,-4059.163
0.122875,6.983,0.622893,0.4465488,4.349662,11.631,0.2300527,0.4405649,2.675743,6531.8,0.01995918,0.02332703,0.0353113,0.03557444,0.03961645,0.07547367,0.06139214,0.06223032,0.03667101,0.04538353,0.03280433,0.04342369,0.03712774,0.03192671,0.0347486,0.03619823,0.03508041,0.03649354,0.04565883,0.07296709,0.05348609,0.03754409,0.03426579,0.0333358,0.1181138,331.5561,41.42169,-1.140296,-24934.92,15176.43,10295.04,0.328557,-42.22419,66200.49,8041.173,-0.6561197,-27968.09
0.1088125,3.999,1.98133,1.189441,7.923337,10.907,0.3221513,1.0285,3.513705,6375.0,0.02083469,0.02066103,0.03898647,0.02635399,0.03463595,0.08632479,0.04274352,0.07540194,0.03120298,0.05330154,0.026212,0.03811527,0.03867775,0.03381554,0.03384876,0.0349219,0.03833827,0.03969606,0.04666962,0.07475248,0.05642057,0.03839464,0.0350995,0.03459074,0.1409233,295.54,53.93426,0.3023968,-5571.224,15737.32,10255.68,0.2559045,-48.24179,59072.59,10831.73,0.3959841,-5487.0
0.129575,7.368,1.930336,0.8672626,14.22271,10.349,0.5563129,1.169019,5.757282,6459.6,0.01977774,0.01928355,0.04776861,0.03476521,0.04111867,0.08760388,0.04588594,0.05343605,0.05626072,0.03474284,0.02886802,0.02839169,0.02889686,0.03101033,0.0415201,0.04018625,0.04712568,0.05124613,0.04259763,0.06472251,0.05407122,0.03407062,0.03272794,0.03392181,0.1026973,280.3409,51.24612,0.4083109,-5533.747,14460.44,10335.7,0.4612294,-35.42377,55909.23,10356.46,0.4951558,-5271.65
0.1464625,4.922,0.9428683,0.4594183,4.640798,10.248,0.08797705,0.5239427,0.9015888,6740.6,0.01952265,0.02043088,0.0422803,0.05098333,0.05876633,0.05537632,0.07032168,0.04530167,0.04034453,0.02975613,0.02777558,0.02708478,0.02885238,0.03158873,0.03946846,0.04257316,0.05300025,0.05684191,0.05589949,0.06039972,0.04447891,0.03246698,0.03287435,0.03361146,0.1030022,307.2834,68.29838,-0.04730189,-2572.585,13910.81,9947.744,0.5620028,-35.07724,62528.72,13734.41,-0.02648878,-2703.698
0.14755,3.999,2.360938,1.741839,9.441392,10.199,0.07269316,0.4263567,0.7413975,6984.8,0.01954705,0.02427264,0.03983252,0.04826084,0.04880884,0.07035201,0.04308502,0.03517931,0.04841241,0.03195387,0.03536858,0.02997058,0.02974629,0.03104504,0.03474923,0.03639881,0.04551945,0.05191359,0.04841303,0.07158887,0.06343557,0.04095625,0.03538196,0.03580825,0.1082203,319.3483,48.32479,-0.7278214,-11667.3,16172.9,10100.34,0.1851522,-55.58802,63826.7,9607.863,-0.535404,-11950.54
0.1471125,4.078,5.539181,4.064415,22.58878,9.999,0.2996677,1.095282,2.996377,7055.6,0.01973492,0.0220504,0.03775942,0.04621809,0.04413223,0.06733964,0.04468177,0.03366625,0.05013485,0.03093331,0.03418094,0.02939243,0.02965936,0.03334809,0.04238261,0.04215774,0.04140972,0.05344472,0.04597585,0.0747184,0.06465986,0.03942637,0.0359949,0.03659814,0.1067284,267.8976,43.15594,0.7866655,-9106.05,16328.13,10012.83,0.2017731,-59.10281,53538.12,8915.277,0.9646609,-8018.845
0.157375,3.999,2.198811,1.310098,8.793043,11.674,0.01673735,0.4153646,0.1953919,6731.0,0.02109951,0.02029435,0.02585081,0.04434471,0.05756432,0.03921565,0.0384962,0.04116541,0.06833121,0.03303985,0.03076047,0.03558907,0.02859985,0.04474054,0.06781001,0.04286196,0.03951802,0.05568182,0.05687595,0.05918873,0.04485559,0.03527847,0.03518186,0.03365564,0.05048831,268.0583,56.49389,0.6216939,-3165.468,14774.65,9748.113,0.581837,-45.82755,53381.96,11366.64,0.6528892,-3052.009
0.163725,6.135,0.2497959,0.1739442,1.532498,10.341,0.1130186,0.2220476,1.168726,7337.8,0.02233556,0.02694767,0.02853388,0.03897521,0.03241796,0.03627536,0.04144306,0.03632377,0.03947505,0.03924437,0.04161232,0.03998969,0.03987666,0.04102826,0.04524063,0.03932266,0.04230645,0.0465022,0.06096939,0.06955993,0.06211745,0.04824521,0.0420175,0.03923975,0.04879806,314.0792,51.55263,-0.6028129,-8462.191,17464.65,9831.822,0.1719277,-79.38826,62563.03,10317.76,-0.4776015,-8332.508
0.149725,5.552,0.5323844,0.2949671,2.955798,9.999,0.1193229,0.3572022,1.193109,7487.0,0.024384,0.02405501,0.02792761,0.03002969,0.03579149,0.0401805,0.04949606,0.03603602,0.03248597,0.03230955,0.0351351,0.04514519,0.03604093,0.0329746,0.03560448,0.04152587,0.04078187,0.04395713,0.06784357,0.0673654,0.06662987,0.05989473,0.04977324,0.04463211,0.07080261,318.2153,62.45055,-0.1961863,-4188.029,19086.51,9990.685,-0.04213104,-102.595,63693.0,12268.45,-0.05080003,-4521.937
0.140525,4.077,0.3108115,0.2152476,1.267179,10.547,0.1789027,0.3778813,1.886886,6893.2,0.01932505,0.02538146,0.03451386,0.06320935,0.04340425,0.05113341,0.05261352,0.03567358,0.04886121,0.04048766,0.03242801,0.03129859,0.03313581,0.03789552,0.05135888,0.04628275,0.03672549,0.04187812,0.0424485,0.06887311,0.05428225,0.04016514,0.03485953,0.03376493,0.05920768,310.171,48.7711,-0.3018008,-10025.92,15303.82,10179.68,0.3380185,-44.99781,61759.03,9748.253,-0.2606792,-9907.123
0.12845,4.168,1.071795,0.8101242,4.467241,10.561,0.4117771,0.8444777,4.348778,6359.6,0.0190705,0.02011124,0.03683648,0.0666098,0.04430779,0.05501519,0.05550759,0.03842028,0.05128797,0.04302526,0.03279498,0.03044654,0.03399179,0.03977961,0.05473955,0.04935278,0.0379469,0.0368996,0.04276678,0.07129192,0.04206394,0.03545582,0.0309056,0.0313721,0.122026,323.1594,57.80642,-0.8663031,-6028.812,13955.77,9905.962,0.5401219,-36.08141,64744.05,11384.9,-0.6876942,-6470.108
0.14315,5.387,2.366121,0.9004006,12.7463,14.269,0.04488698,0.6702709,0.6404923,5055.6,0.01690426,0.01614693,0.04172654,0.0239301,0.06406416,0.07448784,0.07239147,0.04739336,0.04892126,0.04752644,0.03834208,0.04785671,0.03806087,0.03553633,0.04288333,0.04191739,0.04645642,0.03850408,0.04733438,0.04776957,0.03948627,0.02871173,0.02727456,0.02637392,0.1116568,284.5768,37.75475,0.4947233,-19637.29,11774.39,9503.516,0.9247528,-23.29798,56584.97,7538.4,0.6496418,-19384.52
0.1686125,6.083,1.404823,0.6661434,8.545535,10.037,0.3266094,0.7877213,3.278179,5117.4,0.0186434,0.01968628,0.03716659,0.02387932,0.05849201,0.04673347,0.07513082,0.0676688,0.05339099,0.0469148,0.0433657,0.04014861,0.03845908,0.03969329,0.05472791,0.04579856,0.04302214,0.0400909,0.03625968,0.04639482,0.04203452,0.02838842,0.02612075,0.02778916,0.06558751,264.7423,57.28136,0.7655156,-2855.714,11771.42,9481.206,1.017449,-23.2637,52883.8,11542.67,0.7887204,-2770.39
0.1887875,6.236,0.3008971,0.19181,1.876394,10.075,0.1056095,0.197811,1.064016,7501.8,0.02124785,0.02956352,0.02868574,0.0293527,0.03331278,0.03070368,0.03332817,0.03565535,0.04103023,0.03887304,0.04134388,0.04288509,0.03929118,0.04028385,0.043052,0.0474629,0.05358093,0.05623295,0.05912227,0.0680815,0.06190291,0.04675088,0.03835915,0.03989744,0.0304844,297.5245,55.53609,-0.01664779,-5098.409,17273.49,9489.414,0.2944256,-86.25709,59250.16,11090.1,0.05638673,-5060.808
0.1841125,4.767,0.5583318,0.3905998,2.661568,10.028,0.1551248,0.2510306,1.555592,7128.2,0.02365458,0.02821051,0.02892081,0.03236612,0.03398704,0.03335392,0.03460139,0.03305748,0.03459059,0.03291387,0.03294191,0.03579408,0.04032118,0.04269765,0.04324673,0.04564841,0.04906694,0.05072323,0.05680129,0.07426916,0.07931936,0.05060098,0.04382377,0.03908902,0.02786838,297.5449,56.34429,0.0657218,-4818.221,18368.09,9163.678,0.01370504,-121.4684,59449.91,11334.29,0.09833866,-4707.43
0.189775,4.086,0.4038824,0.2165931,1.650264,12.193,0.04068304,0.1648151,0.4960483,7419.2,0.02391578,0.03063955,0.03073344,0.03389649,0.03531433,0.03529219,0.035206,0.03485384,0.03421216,0.03359318,0.03348174,0.03618801,0.0371755,0.04082717,0.04384479,0.04338951,0.04972535,0.0516377,0.06285029,0.06548481,0.06827397,0.05329215,0.04473977,0.04143228,0.04026305,319.7306,68.63587,-0.5451703,-2946.767,18235.34,9655.991,0.09547449,-98.36423,64002.71,13333.6,-0.3729262,-3324.809
0.1809,4.33,0.6755469,0.3981037,2.925118,10.784,0.2034668,0.4189838,2.194186,7275.0,0.0227978,0.02668908,0.03191231,0.03053298,0.03705683,0.05359076,0.03504499,0.04489072,0.03317166,0.0338203,0.03275404,0.03596348,0.03539462,0.03957277,0.03964857,0.05922882,0.04798339,0.05352314,0.05889006,0.06335661,0.06347476,0.04313293,0.03930931,0.03826007,0.1164779,329.2135,39.96868,-1.930883,-27933.56,16840.32,9652.515,0.2855636,-74.42082,65583.47,7680.937,-1.537913,-32325.92
0.166675,3.999,1.844818,1.064137,7.377428,10.567,0.6026391,1.294961,6.368087,7137.0,0.02136383,0.02279755,0.03342275,0.02823103,0.04830399,0.05546138,0.03509821,0.04919438,0.03060745,0.03612185,0.03040451,0.03260085,0.03454614,0.04363524,0.04208946,0.06124558,0.0474749,0.05697945,0.0580843,0.06100708,0.0585429,0.0396006,0.03709039,0.03609617,0.1171943,271.7525,38.74052,1.348403,-14765.05,15993.91,9576.058,0.4029823,-63.8902,54144.22,7813.291,1.567938,-14121.93
0.1651375,7.999,1.069389,0.2777196,8.55404,10.389,0.5264295,0.8909763,5.469076,6901.8,0.02139198,0.02448043,0.04030355,0.03677091,0.07649095,0.04087695,0.04081827,0.03091958,0.03511849,0.03271444,0.02858784,0.0303958,0.03329352,0.03364316,0.04277565,0.04583395,0.0642918,0.07921011,0.05739243,0.05685604,0.04251467,0.03589346,0.03282867,0.03659736,0.0595983,291.1367,71.83112,0.0367786,-1713.058,15040.53,9443.671,0.5833762,-53.84673,59375.03,14772.41,0.0009719943,-1664.302
0.18015,4.458,0.5427609,0.4304056,2.419628,9.999,0.05713274,0.200479,0.5712703,7275.6,0.02277024,0.02859228,0.02912867,0.03146692,0.03750872,0.04722642,0.04092386,0.04171161,0.04538077,0.03997855,0.03485034,0.03624755,0.0384334,0.03985163,0.04080681,0.04244457,0.04457327,0.04325876,0.05075925,0.06390721,0.07013733,0.04528109,0.04437127,0.04038948,0.06353894,312.1264,50.48252,-0.4972536,-8968.996,17544.09,10184.42,0.1229528,-71.51655,62218.2,10035.63,-0.4246207,-9095.429
0.18655,4.456,1.182554,0.9137811,5.269459,17.037,0.01455403,0.3252333,0.2479569,7380.4,0.02639956,0.02837468,0.02931662,0.03020365,0.03040342,0.0314979,0.02946934,0.0302125,0.0312554,0.03340403,0.03639552,0.03765085,0.035771,0.0376554,0.03720585,0.04192384,0.04477758,0.05252375,0.06225409,0.07702127,0.0825461,0.05426232,0.0515316,0.04794373,0.06839934,287.5169,53.15357,0.2826803,-5294.48,19752.69,9397.368,-0.07502622,-144.1354,57280.05,10540.2,0.3950779,-5411.577
0.1637625,3.999,0.6517418,0.4707873,2.606316,10.732,0.0,0.1617061,0.0,7315.6,0.02387552,0.02592879,0.03033756,0.02852733,0.03124253,0.03328555,0.03921875,0.03156057,0.0342131,0.03821911,0.04271224,0.03954826,0.03716822,0.0346115,0.03973077,0.04437295,0.04955711,0.05892316,0.06970327,0.06869902,0.06679784,0.04547001,0.04358088,0.04271597,0.04333776,271.3006,52.35769,0.4704973,-4469.624,18074.16,9412.705,0.1776093,-104.1963,54361.13,10657.53,0.6925019,-4217.753
0.1634,3.999,0.6640977,0.4367189,2.655727,9.999,0.1383209,0.2499252,1.383071,7229.2,0.02815582,0.03275279,0.03461745,0.03587617,0.03423415,0.03168289,0.03172027,0.03167914,0.03320164,0.03844535,0.03863408,0.04123231,0.04140137,0.0385621,0.04242341,0.04159577,0.05361655,0.0561879,0.05146067,0.06964261,0.06644932,0.04939143,0.03955133,0.03748549,0.03181574,306.0085,66.16483,-0.3897032,-2864.895,17329.46,9515.918,0.1635424,-86.49866,61431.58,12989.73,-0.2858797,-3136.762
0.153225,4.1,0.5681061,0.334149,2.329235,11.245,0.06833769,0.1979787,0.7684573,7209.6,0.02390682,0.02911754,0.03130066,0.03096527,0.03083953,0.03099107,0.03371249,0.03113078,0.03571096,0.03768338,0.04169479,0.04747155,0.04549345,0.04531024,0.04355197,0.03797783,0.0481919,0.05448552,0.05465038,0.07483633,0.06495309,0.04556323,0.04208533,0.03837589,0.03132388,301.6763,55.93276,-0.06000011,-5235.116,17459.58,9439.613,0.1931658,-91.35024,60221.6,11061.34,0.09016504,-5450.35
0.14685,4.702,0.3542282,0.2980594,1.665581,10.159,0.0355772,0.1467269,0.3614288,7317.4,0.025523,0.02975581,0.03066089,0.02960097,0.03242478,0.03749021,0.04387925,0.03615268,0.03751323,0.03753379,0.03912968,0.04053477,0.03842707,0.037742,0.03914053,0.04180044,0.0476387,0.05899245,0.06118173,0.06268436,0.06449839,0.04865996,0.03853547,0.04049984,0.03002461,305.4162,59.53351,-0.181746,-4300.869,17448.99,9650.055,0.1951705,-84.37099,60878.58,11871.33,-0.1431469,-4308.637
0.1402875,4.734,0.3672479,0.291128,1.738552,11.809,0.01787524,0.1237273,0.2110887,6896.4,0.02779459,0.02952046,0.03302133,0.03188052,0.03726938,0.04645896,0.05717208,0.04181624,0.04271769,0.04143935,0.04424894,0.04432732,0.04215831,0.03830769,0.03848723,0.03954248,0.04527316,0.04239761,0.04637991,0.06180453,0.05555154,0.04430625,0.03588426,0.03224017,0.02668753,289.018,54.25851,0.1877879,-4984.031,15469.08,10072.67,0.3512996,-48.32581,57664.21,10864.85,0.2624328,-4930.721
0.13545,6.202,0.2484014,0.1146585,1.540585,13.802,0.0,0.07208779,0.0,7198.4,0.02030232,0.03104534,0.03271255,0.03491613,0.03907516,0.04986637,0.04894901,0.03882623,0.04351213,0.03506691,0.03756852,0.03938035,0.03982761,0.04402711,0.04431638,0.04290819,0.05525094,0.04628358,0.04750217,0.05767357,0.05636944,0.04459138,0.03549074,0.03453783,0.01913369,297.1386,59.36162,0.08774833,-3904.665,15881.1,9935.345,0.3700441,-55.19159,59622.08,11996.68,0.1829551,-3809.889
0.1274625,5.937,0.2620643,0.235564,1.555875,11.856,0.0,0.1658518,0.0,5580.2,0.01878829,0.02589341,0.04284409,0.0299311,0.0299078,0.08123063,0.04401818,0.08068971,0.02910936,0.04355784,0.05076133,0.04053531,0.04409586,0.0368508,0.03291562,0.03632912,0.04119837,0.04819227,0.04677905,0.05624037,0.04652736,0.03392344,0.03029541,0.02938528,0.09729592,328.4464,37.23852,-2.049362,-36658.79,13294.95,9863.54,0.6571077,-31.16271,65543.2,7244.533,-1.56533,-40686.71
0.1263125,3.999,0.6349692,0.6066676,2.539242,10.163,0.0,0.3546436,0.0,5042.6,0.01985904,0.01966749,0.04921881,0.02454808,0.02403594,0.0917689,0.0330809,0.08576756,0.0275694,0.04596123,0.05152966,0.03849961,0.0446958,0.03729186,0.0311518,0.03728244,0.04173814,0.05213783,0.0467166,0.05784442,0.04849231,0.03052412,0.03040808,0.03021,0.102895,284.1428,46.43024,0.8948655,-8610.384,13125.86,9819.24,0.6992375,-30.2294,56528.86,9321.789,0.9463138,-8334.924
0.143775,5.328,0.5312472,0.4109729,2.830485,11.393,0.07683499,0.2825681,0.875381,6150.2,0.01993011,0.02291138,0.03659745,0.04270576,0.04652579,0.04550285,0.05799585,0.05461437,0.05818175,0.04531576,0.04702685,0.04349328,0.04215241,0.0402907,0.03515625,0.03559085,0.04522695,0.04298553,0.0453697,0.05346482,0.04397713,0.03757053,0.02874014,0.02867379,0.04394051,303.1972,53.38319,0.2420606,-6416.879,13418.86,9846.729,0.6595928,-32.30589,60494.87,10745.95,0.2734718,-6217.455
0.135325,5.115,0.3664086,0.2452949,1.87418,10.399,0.02824096,0.1391015,0.2936777,6828.4,0.02303204,0.02783036,0.02927643,0.03727519,0.0340221,0.03567588,0.04028576,0.04828511,0.06432894,0.04237272,0.03913671,0.04589402,0.05045351,0.04632715,0.03970993,0.04232133,0.04102894,0.04408251,0.05329687,0.05910706,0.05140851,0.03870556,0.0338152,0.03232817,0.03151815,302.2442,51.22182,-0.1868677,-7458.355,14904.4,9820.036,0.5002567,-46.27574,60274.71,10263.31,-0.08966032,-7345.047
0.1236125,7.467,0.2785417,0.1752716,2.079871,10.108,0.120158,0.2839009,1.214558,6709.0,0.02336133,0.02848268,0.02999968,0.03459217,0.03816435,0.03511188,0.04511191,0.05579806,0.05359978,0.05071538,0.04333297,0.04750429,0.05144922,0.04151653,0.04046974,0.04442233,0.0374549,0.04025443,0.05530444,0.05546657,0.0480167,0.0360187,0.03255236,0.03129958,0.03370852,292.0676,60.87746,0.1941207,-3306.765,14309.26,9822.22,0.5867319,-40.29448,58386.38,12247.72,0.2115776,-3236.371
0.135675,3.999,0.3150204,0.193294,1.259767,9.999,0.1009589,0.2012867,1.009488,6725.0,0.02173056,0.02871398,0.03478331,0.05046605,0.03847774,0.04210822,0.04761668,0.0403745,0.04255498,0.04561601,0.04459535,0.05104152,0.04526836,0.04352628,0.05398027,0.05189285,0.04737485,0.04069046,0.04117363,0.04575343,0.04517566,0.0356627,0.03126478,0.03015784,0.02768238,304.5175,52.44899,-0.1129608,-6998.05,13541.54,9733.429,0.7797158,-34.33784,60671.41,10474.89,-0.06169898,-6955.229
0.13905,3.999,0.551894,0.3240441,2.207024,11.078,0.1093769,0.2464936,1.211677,6604.2,0.01855099,0.02567109,0.03066721,0.04792431,0.03142575,0.03098129,0.03618013,0.04016736,0.04676986,0.04627695,0.04420449,0.05677111,0.04898508,0.04844667,0.0508524,0.0551888,0.04999359,0.04002126,0.04341606,0.05110855,0.0515352,0.03905678,0.03521667,0.03058841,0.02707571,291.5611,57.7352,0.1203289,-4042.255,14538.38,9611.461,0.6316145,-45.61939,58491.95,11833.44,0.1603036,-3729.399
0.1298375,6.789,0.2326735,0.1377242,1.57962,9.999,0.1549774,0.2667558,1.549619,7012.4,0.01875463,0.02774566,0.03251399,0.04440185,0.03402177,0.04239125,0.04242148,0.04622679,0.04328751,0.03694171,0.03422061,0.03512385,0.0408098,0.05722635,0.0486955,0.04876152,0.04282803,0.04320465,0.0481891,0.05877748,0.05583699,0.04254476,0.04186846,0.03320626,0.02784872,304.5934,58.28878,-0.3211292,-4623.518,15755.25,9961.026,0.390673,-53.32779,60926.55,11762.75,-0.2812219,-4480.575
0.130225,5.216,0.2118903,0.1600635,1.10522,12.569,0.0,0.07131953,0.0,6414.4,0.0181229,0.02789863,0.04591317,0.05959328,0.04425785,0.04950293,0.05270221,0.04597085,0.04696976,0.04127402,0.04067948,0.04483362,0.04012574,0.04251615,0.04543806,0.04327005,0.03772986,0.03966326,0.04012516,0.05605715,0.04562292,0.03333695,0.02833452,0.03006147,0.02889836,297.2723,55.27464,0.1123648,-5176.247,13189.53,10016.76,0.6888397,-28.85677,59572.03,11211.27,0.2059392,-4953.399
0.1417125,4.062,0.391386,0.3310872,1.58981,11.439,0.0295112,0.1418242,0.3375786,6671.4,0.01829612,0.02756183,0.03596421,0.03908284,0.04291525,0.04495322,0.04950045,0.04307159,0.05391861,0.0414206,0.03924887,0.04960857,0.04339032,0.0511957,0.04773068,0.04486421,0.03963175,0.04410719,0.04189166,0.05461805,0.04802754,0.03784947,0.03056867,0.03058259,0.03286475,297.345,54.09942,-0.2918925,-5638.419,14054.25,9822.973,0.616087,-37.94451,59251.67,10796.87,-0.1932032,-5623.758
0.15465,4.347,0.634707,0.5166122,2.759071,11.613,0.07231486,0.2302087,0.8397925,6797.6,0.01999317,0.02546962,0.04006744,0.05173708,0.03246555,0.05464435,0.05170476,0.03641112,0.05117027,0.03490733,0.03697503,0.03298896,0.03747641,0.05016026,0.04881693,0.04527884,0.04021514,0.04368963,0.04370102,0.05547154,0.05455699,0.04582854,0.03446979,0.03180025,0.07195137,327.7598,61.60193,-0.6701353,-4963.863,15134.3,10131.43,0.3963395,-44.07669,65999.63,12318.2,-0.6645894,-5117.833
0.1345875,6.327,1.319003,0.8622617,8.345331,13.89,0.1972948,0.4709506,2.740425,6754.0,0.01914714,0.02142322,0.03297736,0.02322225,0.05109911,0.0458387,0.06145982,0.0521107,0.04978686,0.03991258,0.048298,0.04548909,0.03653794,0.04164135,0.04243664,0.03473785,0.04734811,0.04931284,0.04561472,0.06479647,0.04818539,0.03481011,0.03125711,0.03255664,0.09152466,307.6266,34.15127,-0.6414137,-39856.16,14771.86,9820.474,0.5057814,-44.82768,61314.0,6880.586,-0.3519826,-38309.36
